"Group","Tile","Button"
"Customer Reports","Income/Cost from Customer","Process"
"Customer Reports","Customer Revenue","Process"
"Customer Reports","Customer List","Process"
"Customer Reports","Customer Contact List","Process"
"Customer Reports","External","Process"
"Customer Reports","PO Request","Process"
"Customer Reports","Web Portal Users","Process"
"Driver Reports","Income/Cost from Driver","Process"
"Driver Reports","Driver Booking Cost","Process"
"Driver Reports","Driver Daily Summary","Process"
"Driver Reports","Driver List","Process"
"Driver Reports","Driver On Call Sheet","Process"
"Driver Reports","Driver & Vehicle Daily Run","Process"
"Driver Reports","Driver Invoice POD Receive Status","Process"
"Driver Reports","Driver Pay","Process"
"Driver Reports","Core Driver Earning","Process"
"Driver Reports","Core Driver Earning Overview","Process"
"Booking Reports","Quote Conversion","Process"
"Booking Reports","Non-Converted Quotes","Process"
"Booking Reports","Cancelled Bookings","Process"
"Booking Reports","Productivity Report","Process"
"Booking Reports","Productivity Summary Report","Process"
"Booking Reports","HSS Report","Process"
"Booking Reports","Consignment Log","Process"
"Booking Reports","POD","Process"
"Booking Reports","POD","Bespoke"
"Booking Reports","Gross Margin","Process"
"Booking Reports","DHL Report","Process"
"Booking Reports","Weekly Invoice","Process"
"Booking Reports","Monthly Comparison","Process"
"Booking Reports","Carbon Offset","Process"
"Booking Reports","Response Time","Process"
"Booking Reports","Tariff based Income","Process"
"Booking Reports","Document Receive","Process"
"Booking Reports","User Login","Process"
"Booking Reports","Driver Allocation by User","Process"
"Booking Reports","Customer Data","Process"
"Booking Reports","Booking Issues","Process"
"Booking Reports","Booking Updates","Process"
"Booking Reports","Email POD","Process"
"Booking Reports","Wincanton Octopus","Process"
"Booking Reports","Calea Monthly","Process"
"Booking Reports","Octopus Weekly PO","Process"
"Account Reports","Sales Invoice Day Log Report","Process"
"Account Reports","Sales Commission Report","Process"
"Account Reports","Aged Debtors","Process"
"Account Reports","Business Charges - Monthly","Process"
"Account Reports","Credit Note Report","Process"
"Account Reports","Operator Report","Process"
"Account Reports","Dashboard Report","Process"
"Account Reports","Customer Advance Pay Statement","Process"
"Account Exports","Xero - Sales","Process"
"Account Exports","Xero - Driver Import","Process"
"Account Exports","Xero - Purchase","Process"
"Account Exports","Sage - Sales","Process"
"Account Exports","Sage Cloud - Sales","Process"
"Account Exports","Sage - Purchase","Process"
"Account Exports","Sage 50 Cloud - Purchase","Process"
"Account Exports","NCH Sales Report","Process"
"Account Exports","QuickBooks - Sales","Process"
"Account Exports","QuickBooks - Purchase","Process"
"Other Reports","Skipton Upload Report","Process"
"Other Reports","Fedex Report","Process"
"Other Reports","Millers Vangard Report","Process"
"Other Reports","Multiple Purpose Report","Process"
"Other Reports","Alternergy Customer Report","Process"
"Other Reports","Bookings with Other Charge Summary","Process"
"Other Reports","Bookings Delivery","Process"
"Other Reports","Wincanton Bookings","Process"
