"customer","tariff","from_region","to_region","price","cost","col6","col7"
"All Customers","Small Van Regional Tariff","Scotland","Midlands","62.00","44.20","0.72",""
"All Customers","Small Van Regional Tariff","Scotland","Greater London","57.00","44.20","0.78",""
"All Customers","Small Van Regional Tariff","Scotland","South East","57.00","44.20","0.78",""
"All Customers","Small Van Regional Tariff","Scotland","South West","57.00","44.20","0.78",""
"All Customers","SWB Regional Tariff","Scotland","Wales","75.00","58.50","0.78",""
"All Customers","SWB Regional Tariff","Scotland","Midlands","73.00","58.50","0.81",""
"All Customers","SWB Regional Tariff","Scotland","South East","73.00","58.50","0.81",""
"All Customers","Small Van Regional Tariff","Greater London","Scotland","52.00","44.20","0.85",""
"All Customers","Small Van Regional Tariff","Scotland","North West","52.00","44.20","0.85",""
"All Customers","Small Van Regional Tariff","Scotland","Yorkshire and the Humber","52.00","44.20","0.85",""
"All Customers","SWB Regional Tariff","Scotland","Greater London","69.00","58.50","0.85",""
"All Customers","SWB Regional Tariff","Scotland","North West","69.00","58.50","0.85",""
"All Customers","Small Van Regional Tariff","South East","Scotland","51.00","42.90","0.85",""
"All Customers","SWB Regional Tariff","Scotland","South West","66.00","58.50","0.88",""
"All Customers","Small Van Regional Tariff","Greater London","North West","49.00","44.20","0.91",""
"All Customers","Small Van Regional Tariff","Greater London","Yorkshire and the Humber","49.00","44.20","0.91",""
"All Customers","SWB Regional Tariff","Greater London","Scotland","64.00","58.50","0.91",""
"All Customers","Small Van Regional Tariff","North East","Midlands","39.00","35.10","0.91",""
"All Customers","Small Van Regional Tariff","North East","East of England","39.00","35.10","0.91",""
"All Customers","Small Van Regional Tariff","Scotland","East of England","49.00","44.20","0.91",""
"All Customers","Small Van Regional Tariff","Scotland","Wales","49.00","44.20","0.91",""
"All Customers","SWB Regional Tariff","Scotland","Yorkshire and the Humber","64.00","58.50","0.91",""
"All Customers","Small Van Regional Tariff","South East","North West","47.00","42.90","0.91",""
"All Customers","Small Van Regional Tariff","South East","Yorkshire and the Humber","47.00","42.90","0.91",""
"All Customers","SWB Regional Tariff","North East","South West","56.00","52.00","0.94",""
"All Customers","Small Van Regional Tariff","South West","Scotland","53.00","49.40","0.94",""
"All Customers","Small Van Regional Tariff","Wales","Scotland","44.00","41.60","0.94",""
"All Customers","Small Van Regional Tariff","East of England","Scotland","51.00","49.40","0.96",""
"All Customers","SWB Regional Tariff","East of England","Scotland","60.00","58.50","0.98",""
"All Customers","Small Van Regional Tariff","Greater London","North East","45.00","44.20","0.98",""
"All Customers","SWB Regional Tariff","Greater London","North East","60.00","58.50","0.98",""
"All Customers","SWB Regional Tariff","Greater London","North West","60.00","58.50","0.98",""
"All Customers","Small Van Regional Tariff","Midlands","Scotland","44.00","42.90","0.98",""
"All Customers","SWB Regional Tariff","North East","Greater London","53.00","52.00","0.98",""
"All Customers","Small Van Regional Tariff","North West","Greater London","39.00","37.70","0.98",""
"All Customers","Small Van Regional Tariff","North West","Scotland","39.00","37.70","0.98",""
"All Customers","Small Van Regional Tariff","North West","South East","39.00","37.70","0.98",""
"All Customers","Small Van Regional Tariff","Scotland","North East","45.00","44.20","0.98",""
"All Customers","SWB Regional Tariff","Scotland","East of England","60.00","58.50","0.98",""
"All Customers","LWB Regional Tariff","Scotland","Midlands","73.00","71.50","0.98",""
"All Customers","LWB Regional Tariff","Scotland","East of England","73.00","71.50","0.98",""
"All Customers","LWB Regional Tariff","Scotland","Greater London","73.00","71.50","0.98",""
"All Customers","LWB Regional Tariff","Scotland","South West","73.00","71.50","0.98",""
"All Customers","LWB Regional Tariff","Scotland","Wales","73.00","71.50","0.98",""
"All Customers","Small Van Regional Tariff","South East","North East","44.00","42.90","0.98",""
"All Customers","SWB Regional Tariff","South East","Scotland","60.00","58.50","0.98",""
"All Customers","Small Van Regional Tariff","South West","North East","51.00","49.40","0.98",""
"All Customers","Small Van Regional Tariff","South West","North West","51.00","49.40","0.98",""
"All Customers","Small Van Regional Tariff","South West","South West","51.00","49.40","0.98",""
"All Customers","Small Van Regional Tariff","Wales","Yorkshire and the Humber","43.00","41.60","0.98",""
"All Customers","SWB Regional Tariff","Wales","Scotland","60.00","58.50","0.98",""
"All Customers","Small Van Regional Tariff","Yorkshire and the Humber","South East","44.00","42.90","0.98",""
"All Customers","Small Van Regional Tariff","Yorkshire and the Humber","South West","43.00","42.90","0.99",""
"All Customers","Small Van Regional Tariff","East of England","North West","49.00","49.40","1.00",""
"All Customers","Small Van Regional Tariff","North East","South East","35.00","35.10","1.00",""
"All Customers","SWB Regional Tariff","South West","Yorkshire and the Humber","58.00","58.50","1.00",""
"All Customers","Small Van Regional Tariff","North East","Greater London","35.00","35.10","1.01",""
"All Customers","Small Van Regional Tariff","North East","South West","35.00","35.10","1.01",""
"All Customers","SWB Regional Tariff","South East","Midlands","58.00","58.50","1.01",""
"All Customers","Small Van Regional Tariff","Wales","North East","41.00","41.60","1.01",""
"All Customers","Small Van Regional Tariff","East of England","Yorkshire and the Humber","48.00","49.40","1.04",""
"All Customers","SWB Regional Tariff","East of England","North East","56.00","58.50","1.04",""
"All Customers","Small Van Regional Tariff","Greater London","Wales","43.00","44.20","1.04",""
"All Customers","SWB Regional Tariff","Greater London","Yorkshire and the Humber","56.00","58.50","1.04",""
"All Customers","Small Van Regional Tariff","Midlands","North East","41.00","42.90","1.04",""
"All Customers","Small Van Regional Tariff","Midlands","North West","41.00","42.90","1.04",""
"All Customers","SWB Regional Tariff","Midlands","Scotland","50.00","52.00","1.04",""
"All Customers","Small Van Regional Tariff","North East","North West","34.00","35.10","1.04",""
"All Customers","Small Van Regional Tariff","North East","Yorkshire and the Humber","34.00","35.10","1.04",""
"All Customers","SWB Regional Tariff","North East","Midlands","50.00","52.00","1.04",""
"All Customers","SWB Regional Tariff","North East","North West","50.00","52.00","1.04",""
"All Customers","SWB Regional Tariff","North East","South East","50.00","52.00","1.04",""
"All Customers","SWB Regional Tariff","North East","Wales","50.00","52.00","1.04",""
"All Customers","Small Van Regional Tariff","North West","South West","36.00","37.70","1.04",""
"All Customers","SWB Regional Tariff","Scotland","North East","56.00","58.50","1.04",""
"All Customers","LWB Regional Tariff","Scotland","South East","69.00","71.50","1.04",""
"All Customers","LWB Regional Tariff","Scotland","Yorkshire and the Humber","69.00","71.50","1.04",""
"All Customers","Small Van Regional Tariff","South East","Midlands","41.00","42.90","1.04",""
"All Customers","SWB Regional Tariff","South East","North West","56.00","58.50","1.04",""
"All Customers","SWB Regional Tariff","South East","Yorkshire and the Humber","56.00","58.50","1.04",""
"All Customers","Small Van Regional Tariff","South West","Midlands","48.00","49.40","1.04",""
"All Customers","Small Van Regional Tariff","South West","East of England","48.00","49.40","1.04",""
"All Customers","Small Van Regional Tariff","Wales","East of England","40.00","41.60","1.04",""
"All Customers","Small Van Regional Tariff","Yorkshire and the Humber","Greater London","41.00","42.90","1.04",""
"All Customers","Small Van Regional Tariff","Yorkshire and the Humber","Scotland","41.00","42.90","1.04",""
"All Customers","Small Van Regional Tariff","Yorkshire and the Humber","Wales","41.00","42.90","1.04",""
"All Customers","Small Van Regional Tariff","North West","Midlands","35.00","37.70","1.07",""
"All Customers","Small Van Regional Tariff","South East","Wales","40.00","42.90","1.07",""
"All Customers","SWB Regional Tariff","South East","North East","55.00","58.50","1.07",""
"All Customers","Small Van Regional Tariff","South West","Yorkshire and the Humber","46.00","49.40","1.07",""
"All Customers","Small Van Regional Tariff","Wales","North West","39.00","41.60","1.07",""
"All Customers","Small Van Regional Tariff","Yorkshire and the Humber","East of England","40.00","42.90","1.07",""
"All Customers","SWB Regional Tariff","Yorkshire and the Humber","South West","49.00","52.00","1.07",""
"All Customers","Small Van Regional Tariff","Greater London","Midlands","41.00","44.20","1.08",""
"All Customers","Small Van Regional Tariff","East of England","Midlands","45.00","49.40","1.09",""
"All Customers","Small Van Regional Tariff","East of England","North East","45.00","49.40","1.09",""
"All Customers","SWB Regional Tariff","North West","Scotland","44.00","48.10","1.09",""
"All Customers","SWB Regional Tariff","North West","South East","44.00","48.10","1.09",""
"All Customers","SWB Regional Tariff","Yorkshire and the Humber","Scotland","48.00","52.00","1.09",""
"All Customers","Small Van Regional Tariff","East of England","Wales","45.00","49.40","1.11",""
"All Customers","SWB Regional Tariff","East of England","South West","53.00","58.50","1.11",""
"All Customers","LWB Regional Tariff","East of England","North East","65.00","71.50","1.11",""
"All Customers","LWB Regional Tariff","Greater London","North West","59.00","65.00","1.11",""
"All Customers","Small Van Regional Tariff","Midlands","South East","39.00","42.90","1.11",""
"All Customers","Small Van Regional Tariff","Midlands","South West","39.00","42.90","1.11",""
"All Customers","Small Van Regional Tariff","Midlands","Yorkshire and the Humber","39.00","42.90","1.11",""
"All Customers","SWB Regional Tariff","Midlands","North East","47.00","52.00","1.11",""
"All Customers","Small Van Regional Tariff","North East","Wales","32.00","35.10","1.11",""
"All Customers","SWB Regional Tariff","North East","Scotland","47.00","52.00","1.11",""
"All Customers","Small Van Regional Tariff","North West","North East","34.00","37.70","1.11",""
"All Customers","SWB Regional Tariff","North West","East of England","44.00","48.10","1.11",""
"All Customers","SWB Regional Tariff","North West","Greater London","44.00","48.10","1.11",""
"All Customers","LWB Regional Tariff","Scotland","North East","65.00","71.50","1.11",""
"All Customers","LWB Regional Tariff","Scotland","North West","65.00","71.50","1.11",""
"All Customers","SWB Regional Tariff","South East","Wales","53.00","58.50","1.11",""
"All Customers","Small Van Regional Tariff","South West","South East","45.00","49.40","1.11",""
"All Customers","SWB Regional Tariff","South West","Scotland","53.00","58.50","1.11",""
"All Customers","Small Van Regional Tariff","Wales","Midlands","38.00","41.60","1.11",""
"All Customers","Small Van Regional Tariff","Wales","South East","38.00","41.60","1.11",""
"All Customers","SWB Regional Tariff","Wales","Yorkshire and the Humber","53.00","58.50","1.11",""
"All Customers","Small Van Regional Tariff","Yorkshire and the Humber","Midlands","39.00","42.90","1.11",""
"All Customers","SWB Regional Tariff","Yorkshire and the Humber","South East","47.00","52.00","1.11",""
"All Customers","LWB Regional Tariff","Greater London","Scotland","58.00","65.00","1.12",""
"All Customers","SWB Regional Tariff","South West","North West","52.00","58.50","1.12",""
"All Customers","SWB Regional Tariff","South West","North East","52.00","58.50","1.13",""
"All Customers","Small Van Regional Tariff","East of England","South West","43.00","49.40","1.14",""
"All Customers","Small Van Regional Tariff","North East","Scotland","31.00","35.10","1.14",""
"All Customers","SWB Regional Tariff","North East","Yorkshire and the Humber","45.00","52.00","1.14",""
"All Customers","Small Van Regional Tariff","South East","South West","38.00","42.90","1.14",""
"All Customers","Small Van Regional Tariff","Wales","Greater London","36.00","41.60","1.14",""
"All Customers","SWB Regional Tariff","Wales","East of England","51.00","58.50","1.14",""
"All Customers","Small Van Regional Tariff","Midlands","East of England","37.00","42.90","1.16",""
"All Customers","Small Van Regional Tariff","Midlands","Wales","37.00","42.90","1.16",""
"All Customers","SWB Regional Tariff","East of England","North West","50.00","58.50","1.17",""
"All Customers","SWB Regional Tariff","East of England","Wales","50.00","58.50","1.17",""
"All Customers","SWB Regional Tariff","East of England","Yorkshire and the Humber","50.00","58.50","1.17",""
"All Customers","LWB Regional Tariff","East of England","North West","61.00","71.50","1.17",""
"All Customers","LWB Regional Tariff","East of England","Scotland","61.00","71.50","1.17",""
"All Customers","Small Van Regional Tariff","Greater London","South West","38.00","44.20","1.17",""
"All Customers","SWB Regional Tariff","Greater London","Midlands","50.00","58.50","1.17",""
"All Customers","LWB Regional Tariff","Midlands","Scotland","50.00","58.50","1.17",""
"All Customers","Small Van Regional Tariff","North West","East of England","32.00","37.70","1.17",""
"All Customers","Small Van Regional Tariff","North West","Wales","32.00","37.70","1.17",""
"All Customers","Small Van Regional Tariff","North West","Yorkshire and the Humber","32.00","37.70","1.17",""
"All Customers","SWB Regional Tariff","North West","South West","41.00","48.10","1.17",""
"All Customers","LWB Regional Tariff","South East","North East","56.00","65.00","1.17",""
"All Customers","LWB Regional Tariff","South East","Scotland","56.00","65.00","1.17",""
"All Customers","Small Van Regional Tariff","South West","Greater London","42.00","49.40","1.17",""
"All Customers","SWB Regional Tariff","South West","Midlands","50.00","58.50","1.17",""
"All Customers","SWB Regional Tariff","South West","East of England","50.00","58.50","1.17",""
"All Customers","LWB Regional Tariff","South West","North East","56.00","65.00","1.17",""
"All Customers","LWB Regional Tariff","South West","Scotland","56.00","65.00","1.17",""
"All Customers","LWB Regional Tariff","South West","Yorkshire and the Humber","56.00","65.00","1.17",""
"All Customers","SWB Regional Tariff","Wales","North East","50.00","58.50","1.17",""
"All Customers","SWB Regional Tariff","Wales","South East","50.00","58.50","1.17",""
"All Customers","Small Van Regional Tariff","Yorkshire and the Humber","North East","37.00","42.90","1.17",""
"All Customers","Small Van Regional Tariff","Yorkshire and the Humber","North West","37.00","42.90","1.17",""
"All Customers","SWB Regional Tariff","Yorkshire and the Humber","Midlands","44.00","52.00","1.17",""
"All Customers","SWB Regional Tariff","Yorkshire and the Humber","Greater London","44.00","52.00","1.17",""
"All Customers","SWB Regional Tariff","Yorkshire and the Humber","Wales","44.00","52.00","1.17",""
"All Customers","Small Van Regional Tariff","Midlands","Greater London","36.00","42.90","1.20",""
"All Customers","LWB Regional Tariff","North East","Midlands","49.00","58.50","1.20",""
"All Customers","LWB Regional Tariff","North East","East of England","49.00","58.50","1.20",""
"All Customers","SWB Regional Tariff","North West","Midlands","40.00","48.10","1.20",""
"All Customers","SWB Regional Tariff","North West","North East","40.00","48.10","1.20",""
"All Customers","Luton Regional Tariff","Scotland","South East","103.00","123.50","1.20",""
"All Customers","LWB Regional Tariff","South East","Yorkshire and the Humber","54.00","65.00","1.20",""
"All Customers","LWB Regional Tariff","South West","North West","54.00","65.00","1.20",""
"All Customers","SWB Regional Tariff","Yorkshire and the Humber","East of England","43.00","52.00","1.20",""
"All Customers","SWB Regional Tariff","Midlands","Yorkshire and the Humber","43.00","52.00","1.22",""
"All Customers","Small Van Regional Tariff","East of England","South East","40.00","49.40","1.24",""
"All Customers","SWB Regional Tariff","East of England","Midlands","47.00","58.50","1.24",""
"All Customers","SWB Regional Tariff","Greater London","Wales","47.00","58.50","1.24",""
"All Customers","SWB Regional Tariff","Midlands","North West","42.00","52.00","1.24",""
"All Customers","SWB Regional Tariff","Midlands","South East","42.00","52.00","1.24",""
"All Customers","SWB Regional Tariff","Midlands","South West","42.00","52.00","1.24",""
"All Customers","SWB Regional Tariff","North East","East of England","42.00","52.00","1.24",""
"All Customers","LWB Regional Tariff","North East","South East","47.00","58.50","1.24",""
"All Customers","LWB Regional Tariff","North West","Greater London","47.00","58.50","1.24",""
"All Customers","Luton Regional Tariff","Scotland","Midlands","100.00","123.50","1.24",""
"All Customers","Luton Regional Tariff","Scotland","East of England","100.00","123.50","1.24",""
"All Customers","Luton Regional Tariff","Scotland","Greater London","100.00","123.50","1.24",""
"All Customers","Small Van Regional Tariff","South East","East of England","35.00","42.90","1.24",""
"All Customers","SWB Regional Tariff","South East","South West","47.00","58.50","1.24",""
"All Customers","LWB Regional Tariff","South East","North West","53.00","65.00","1.24",""
"All Customers","Small Van Regional Tariff","Wales","South West","34.00","41.60","1.24",""
"All Customers","SWB Regional Tariff","Wales","Midlands","47.00","58.50","1.24",""
"All Customers","SWB Regional Tariff","Wales","Greater London","47.00","58.50","1.24",""
"All Customers","SWB Regional Tariff","Wales","North West","47.00","58.50","1.24",""
"All Customers","LWB Regional Tariff","Wales","Scotland","53.00","65.00","1.24",""
"All Customers","SWB Regional Tariff","Midlands","Wales","41.00","52.00","1.27",""
"All Customers","LWB Regional Tariff","Greater London","Yorkshire and the Humber","51.00","65.00","1.29",""
"All Customers","LWB Regional Tariff","East of England","South West","55.00","71.50","1.30",""
"All Customers","LWB Regional Tariff","East of England","Wales","55.00","71.50","1.30",""
"All Customers","LWB Regional Tariff","East of England","Yorkshire and the Humber","55.00","71.50","1.30",""
"All Customers","SWB Regional Tariff","Greater London","South West","45.00","58.50","1.30",""
"All Customers","LWB Regional Tariff","Greater London","Midlands","50.00","65.00","1.30",""
"All Customers","LWB Regional Tariff","Greater London","North East","50.00","65.00","1.30",""
"All Customers","LWB Regional Tariff","Midlands","North East","45.00","58.50","1.30",""
"All Customers","LWB Regional Tariff","North East","Greater London","45.00","58.50","1.30",""
"All Customers","LWB Regional Tariff","North East","South West","45.00","58.50","1.30",""
"All Customers","LWB Regional Tariff","North East","Wales","45.00","58.50","1.30",""
"All Customers","LWB Regional Tariff","North East","Yorkshire and the Humber","45.00","58.50","1.30",""
"All Customers","SWB Regional Tariff","North West","Wales","37.00","48.10","1.30",""
"All Customers","LWB Regional Tariff","North West","East of England","45.00","58.50","1.30",""
"All Customers","LWB Regional Tariff","North West","Scotland","45.00","58.50","1.30",""
"All Customers","LWB Regional Tariff","North West","South East","45.00","58.50","1.30",""
"All Customers","LWB Regional Tariff","North West","South West","45.00","58.50","1.30",""
"All Customers","Luton Regional Tariff","Scotland","North West","95.00","123.50","1.30",""
"All Customers","Luton Regional Tariff","Scotland","South West","95.00","123.50","1.30",""
"All Customers","Luton Regional Tariff","Scotland","Wales","95.00","123.50","1.30",""
"All Customers","Small Van Regional Tariff","South West","Wales","38.00","49.40","1.30",""
"All Customers","SWB Regional Tariff","South West","Greater London","45.00","58.50","1.30",""
"All Customers","SWB Regional Tariff","South West","South East","45.00","58.50","1.30",""
"All Customers","LWB Regional Tariff","South West","Midlands","50.00","65.00","1.30",""
"All Customers","LWB Regional Tariff","South West","East of England","50.00","65.00","1.30",""
"All Customers","LWB Regional Tariff","Wales","Yorkshire and the Humber","50.00","65.00","1.30",""
"All Customers","SWB Regional Tariff","Yorkshire and the Humber","North East","40.00","52.00","1.30",""
"All Customers","LWB Regional Tariff","Yorkshire and the Humber","Greater London","45.00","58.50","1.30",""
"All Customers","LWB Regional Tariff","Yorkshire and the Humber","Scotland","45.00","58.50","1.30",""
"All Customers","LWB Regional Tariff","Yorkshire and the Humber","South East","45.00","58.50","1.30",""
"All Customers","LWB Regional Tariff","Yorkshire and the Humber","South West","45.00","58.50","1.30",""
"All Customers","SWB Regional Tariff","Midlands","East of England","39.00","52.00","1.33",""
"All Customers","SWB Regional Tariff","East of England","South East","44.00","58.50","1.34",""
"All Customers","SWB Regional Tariff","Yorkshire and the Humber","North West","38.00","52.00","1.35",""
"All Customers","Small Van Regional Tariff","Greater London","East of England","32.00","44.20","1.37",""
"All Customers","SWB Regional Tariff","Midlands","Greater London","38.00","52.00","1.37",""
"All Customers","LWB Regional Tariff","Midlands","North West","43.00","58.50","1.37",""
"All Customers","Luton Regional Tariff","Scotland","Yorkshire and the Humber","90.00","123.50","1.37",""
"All Customers","XLWB Regional Tariff","Scotland","South East","86.00","78.00","0.91",""
"All Customers","XLWB Regional Tariff","Scotland","South West","86.00","78.00","0.91",""
"All Customers","XLWB Regional Tariff","Scotland","East of England","75.00","78.00","1.04",""
"All Customers","XLWB Regional Tariff","Greater London","Scotland","71.00","78.00","1.11",""
"All Customers","XLWB Regional Tariff","Scotland","Greater London","71.00","78.00","1.11",""
"All Customers","XLWB Regional Tariff","Scotland","Yorkshire and the Humber","71.00","78.00","1.11",""
"All Customers","XLWB Regional Tariff","South East","Scotland","71.00","78.00","1.11",""
"All Customers","XLWB Regional Tariff","Greater London","North East","67.00","78.00","1.17",""
"All Customers","XLWB Regional Tariff","Scotland","North West","67.00","78.00","1.17",""
"All Customers","XLWB Regional Tariff","Scotland","Wales","67.00","78.00","1.17",""
"All Customers","XLWB Regional Tariff","East of England","Scotland","63.00","78.00","1.24",""
"All Customers","XLWB Regional Tariff","Greater London","North West","63.00","78.00","1.24",""
"All Customers","XLWB Regional Tariff","North East","South East","58.00","71.50","1.24",""
"All Customers","XLWB Regional Tariff","Scotland","Midlands","63.00","78.00","1.24",""
"All Customers","XLWB Regional Tariff","South East","Yorkshire and the Humber","63.00","78.00","1.24",""
"All Customers","XLWB Regional Tariff","East of England","North West","60.00","78.00","1.30",""
"All Customers","XLWB Regional Tariff","East of England","South West","60.00","78.00","1.30",""
"All Customers","XLWB Regional Tariff","Greater London","Yorkshire and the Humber","60.00","78.00","1.30",""
"All Customers","XLWB Regional Tariff","North East","South West","55.00","71.50","1.30",""
"All Customers","XLWB Regional Tariff","North East","Wales","55.00","71.50","1.30",""
"All Customers","XLWB Regional Tariff","South East","North West","60.00","78.00","1.30",""
"All Customers","XLWB Regional Tariff","South West","North East","50.00","65.00","1.30",""
"All Customers","XLWB Regional Tariff","South West","Yorkshire and the Humber","50.00","65.00","1.30",""
"All Customers","XLWB Regional Tariff","East of England","Wales","57.00","78.00","1.37",""
"All Customers","XLWB Regional Tariff","East of England","Yorkshire and the Humber","57.00","78.00","1.37",""
"All Customers","XLWB Regional Tariff","Greater London","Midlands","57.00","78.00","1.37",""
"All Customers","XLWB Regional Tariff","Greater London","Wales","57.00","78.00","1.37",""
"All Customers","LWB Regional Tariff","South East","Midlands","48.00","65.00","1.37",""
"All Customers","LWB Regional Tariff","South East","Wales","48.00","65.00","1.37",""
"All Customers","XLWB Regional Tariff","South West","Scotland","48.00","65.00","1.37",""
"All Customers","LWB Regional Tariff","Wales","North East","48.00","65.00","1.37",""
"All Customers","LWB Regional Tariff","Wales","South East","48.00","65.00","1.37",""
"All Customers","XLWB Regional Tariff","Wales","East of England","52.00","71.50","1.37",""
"All Customers","XLWB Regional Tariff","Wales","Greater London","52.00","71.50","1.37",""
"All Customers","LWB Regional Tariff","North East","North West","42.00","58.50","1.38",""
"All Customers","LWB Regional Tariff","East of England","Midlands","51.00","71.50","1.40",""
"All Customers","Small Van Regional Tariff","Midlands","Midlands","31.00","42.90","1.40",""
"All Customers","SWB Regional Tariff","North West","Yorkshire and the Humber","34.00","48.10","1.40",""
"All Customers","XLWB Regional Tariff","East of England","Midlands","55.00","78.00","1.43",""
"All Customers","XLWB Regional Tariff","East of England","North East","55.00","78.00","1.43",""
"All Customers","Luton Regional Tariff","Greater London","North East","73.00","104.00","1.43",""
"All Customers","Luton Regional Tariff","Greater London","Scotland","73.00","104.00","1.43",""
"All Customers","LWB Regional Tariff","Midlands","East of England","41.00","58.50","1.43",""
"All Customers","LWB Regional Tariff","Midlands","South East","41.00","58.50","1.43",""
"All Customers","LWB Regional Tariff","Midlands","South West","41.00","58.50","1.43",""
"All Customers","LWB Regional Tariff","Midlands","Wales","41.00","58.50","1.43",""
"All Customers","LWB Regional Tariff","Midlands","Yorkshire and the Humber","41.00","58.50","1.43",""
"All Customers","XLWB Regional Tariff","Midlands","East of England","50.00","71.50","1.43",""
"All Customers","XLWB Regional Tariff","Midlands","North East","50.00","71.50","1.43",""
"All Customers","XLWB Regional Tariff","North East","Midlands","50.00","71.50","1.43",""
"All Customers","XLWB Regional Tariff","North East","East of England","50.00","71.50","1.43",""
"All Customers","XLWB Regional Tariff","North East","Greater London","50.00","71.50","1.43",""
"All Customers","XLWB Regional Tariff","North East","North West","50.00","71.50","1.43",""
"All Customers","LWB Regional Tariff","North West","Midlands","41.00","58.50","1.43",""
"All Customers","LWB Regional Tariff","North West","North East","41.00","58.50","1.43",""
"All Customers","XLWB Regional Tariff","North West","Greater London","45.00","65.00","1.43",""
"All Customers","Small Van Regional Tariff","Scotland","Scotland","31.00","44.20","1.43",""
"All Customers","LWB Regional Tariff","South East","South West","45.00","65.00","1.43",""
"All Customers","Luton Regional Tariff","South East","Scotland","77.00","110.50","1.43",""
"All Customers","SWB Regional Tariff","South West","Wales","41.00","58.50","1.43",""
"All Customers","SWB Regional Tariff","Wales","South West","41.00","58.50","1.43",""
"All Customers","LWB Regional Tariff","Wales","Midlands","45.00","65.00","1.43",""
"All Customers","LWB Regional Tariff","Wales","East of England","45.00","65.00","1.43",""
"All Customers","XLWB Regional Tariff","Wales","North East","50.00","71.50","1.43",""
"All Customers","LWB Regional Tariff","Yorkshire and the Humber","East of England","41.00","58.50","1.43",""
"All Customers","LWB Regional Tariff","Yorkshire and the Humber","Wales","41.00","58.50","1.43",""
"All Customers","XLWB Regional Tariff","Yorkshire and the Humber","South East","41.00","58.50","1.43",""
"All Customers","XLWB Regional Tariff","Yorkshire and the Humber","South West","41.00","58.50","1.43",""
"All Customers","XLWB Regional Tariff","Yorkshire and the Humber","Wales","41.00","58.50","1.43",""
"All Customers","SWB Regional Tariff","South East","East of England","41.00","58.50","1.44",""
"All Customers","XLWB Regional Tariff","North West","South East","45.00","65.00","1.46",""
"All Customers","LWB Regional Tariff","Yorkshire and the Humber","Midlands","40.00","58.50","1.46",""
"All Customers","XLWB Regional Tariff","Yorkshire and the Humber","Scotland","40.00","58.50","1.46",""
"All Customers","Small Van Regional Tariff","South East","South East","29.00","42.90","1.47",""
"All Customers","Small Van Regional Tariff","East of England","Greater London","33.00","49.40","1.48",""
"All Customers","Small Van Regional Tariff","North West","North West","25.00","37.70","1.50",""
"All Customers","XLWB Regional Tariff","North West","Midlands","43.00","65.00","1.50",""
"All Customers","XLWB Regional Tariff","North West","East of England","43.00","65.00","1.50",""
"All Customers","XLWB Regional Tariff","North West","Scotland","43.00","65.00","1.50",""
"All Customers","XLWB Regional Tariff","North West","South West","43.00","65.00","1.50",""
"All Customers","XLWB Regional Tariff","South East","Midlands","52.00","78.00","1.50",""
"All Customers","XLWB Regional Tariff","South East","Wales","52.00","78.00","1.50",""
"All Customers","LWB Regional Tariff","Wales","North West","43.00","65.00","1.50",""
"All Customers","XLWB Regional Tariff","Wales","Midlands","48.00","71.50","1.50",""
"All Customers","XLWB Regional Tariff","Wales","North West","48.00","71.50","1.50",""
"All Customers","XLWB Regional Tariff","Wales","South East","48.00","71.50","1.50",""
"All Customers","Small Van Regional Tariff","Yorkshire and the Humber","Yorkshire and the Humber","29.00","42.90","1.50",""
"All Customers","XLWB Regional Tariff","Yorkshire and the Humber","Greater London","39.00","58.50","1.50",""
"All Customers","LWB Regional Tariff","Wales","Greater London","43.00","65.00","1.51",""
"All Customers","LWB Regional Tariff","Yorkshire and the Humber","North East","38.00","58.50","1.53",""
"All Customers","SWB Regional Tariff","East of England","Greater London","38.00","58.50","1.56",""
"All Customers","SWB Regional Tariff","Greater London","East of England","38.00","58.50","1.56",""
"All Customers","LWB Regional Tariff","Greater London","South West","42.00","65.00","1.56",""
"All Customers","LWB Regional Tariff","Greater London","Wales","42.00","65.00","1.56",""
"All Customers","XLWB Regional Tariff","Greater London","South West","50.00","78.00","1.56",""
"All Customers","Luton Regional Tariff","Greater London","North West","67.00","104.00","1.56",""
"All Customers","LWB Regional Tariff","Midlands","Greater London","38.00","58.50","1.56",""
"All Customers","XLWB Regional Tariff","Midlands","North West","46.00","71.50","1.56",""
"All Customers","XLWB Regional Tariff","Midlands","Scotland","46.00","71.50","1.56",""
"All Customers","XLWB Regional Tariff","Midlands","South East","46.00","71.50","1.56",""
"All Customers","XLWB Regional Tariff","Midlands","South West","46.00","71.50","1.56",""
"All Customers","XLWB Regional Tariff","Midlands","Wales","46.00","71.50","1.56",""
"All Customers","XLWB Regional Tariff","Midlands","Yorkshire and the Humber","46.00","71.50","1.56",""
"All Customers","Luton Regional Tariff","Midlands","Scotland","67.00","104.00","1.56",""
"All Customers","XLWB Regional Tariff","North East","Scotland","46.00","71.50","1.56",""
"All Customers","XLWB Regional Tariff","North East","Yorkshire and the Humber","46.00","71.50","1.56",""
"All Customers","Luton Regional Tariff","North East","East of England","63.00","97.50","1.56",""
"All Customers","Luton Regional Tariff","North East","South East","63.00","97.50","1.56",""
"All Customers","Luton Regional Tariff","North East","South West","63.00","97.50","1.56",""
"All Customers","LWB Regional Tariff","North West","Wales","38.00","58.50","1.56",""
"All Customers","XLWB Regional Tariff","North West","Wales","42.00","65.00","1.56",""
"All Customers","SWB Regional Tariff","Scotland","Scotland","38.00","58.50","1.56",""
"All Customers","XLWB Regional Tariff","Scotland","North East","50.00","78.00","1.56",""
"All Customers","Luton Regional Tariff","Scotland","North East","79.00","123.50","1.56",""
"All Customers","XLWB Regional Tariff","South East","South West","50.00","78.00","1.56",""
"All Customers","Luton Regional Tariff","South East","North East","71.00","110.50","1.56",""
"All Customers","LWB Regional Tariff","South West","Greater London","42.00","65.00","1.56",""
"All Customers","LWB Regional Tariff","South West","South East","42.00","65.00","1.56",""
"All Customers","XLWB Regional Tariff","South West","Midlands","42.00","65.00","1.56",""
"All Customers","Luton Regional Tariff","South West","Scotland","71.00","110.50","1.56",""
"All Customers","XLWB Regional Tariff","Wales","Scotland","46.00","71.50","1.56",""
"All Customers","XLWB Regional Tariff","Yorkshire and the Humber","Midlands","38.00","58.50","1.56",""
"All Customers","XLWB Regional Tariff","Yorkshire and the Humber","North East","38.00","58.50","1.56",""
"All Customers","LWB Regional Tariff","East of England","South East","44.00","71.50","1.63",""
"All Customers","Luton Regional Tariff","East of England","North West","68.00","110.50","1.63",""
"All Customers","Luton Regional Tariff","East of England","Scotland","68.00","110.50","1.63",""
"All Customers","XLWB Regional Tariff","Greater London","East of England","48.00","78.00","1.63",""
"All Customers","Luton Regional Tariff","Greater London","Yorkshire and the Humber","64.00","104.00","1.63",""
"All Customers","LWB Regional Tariff","North East","Scotland","36.00","58.50","1.63",""
"All Customers","Luton Regional Tariff","North East","Midlands","60.00","97.50","1.63",""
"All Customers","Luton Regional Tariff","North East","Greater London","60.00","97.50","1.63",""
"All Customers","LWB Regional Tariff","North West","Yorkshire and the Humber","36.00","58.50","1.63",""
"All Customers","XLWB Regional Tariff","North West","North East","40.00","65.00","1.63",""
"All Customers","Luton Regional Tariff","North West","Greater London","60.00","97.50","1.63",""
"All Customers","Luton Regional Tariff","North West","South East","60.00","97.50","1.63",""
"All Customers","SWB Regional Tariff","South East","South East","36.00","58.50","1.63",""
"All Customers","LWB Regional Tariff","South East","East of England","40.00","65.00","1.63",""
"All Customers","Luton Regional Tariff","South East","North West","68.00","110.50","1.63",""
"All Customers","Luton Regional Tariff","South East","Yorkshire and the Humber","68.00","110.50","1.63",""
"All Customers","LWB Regional Tariff","South West","Wales","40.00","65.00","1.63",""
"All Customers","XLWB Regional Tariff","South West","East of England","40.00","65.00","1.63",""
"All Customers","XLWB Regional Tariff","South West","Greater London","40.00","65.00","1.63",""
"All Customers","XLWB Regional Tariff","South West","North West","40.00","65.00","1.63",""
"All Customers","Luton Regional Tariff","South West","North East","68.00","110.50","1.63",""
"All Customers","Luton Regional Tariff","Wales","Scotland","68.00","110.50","1.63",""
"All Customers","LWB Regional Tariff","Yorkshire and the Humber","North West","36.00","58.50","1.63",""
"All Customers","XLWB Regional Tariff","Yorkshire and the Humber","East of England","36.00","58.50","1.63",""
"All Customers","SWB Regional Tariff","East of England","East of England","35.00","58.50","1.69",""
"All Customers","Luton Regional Tariff","East of England","Wales","65.00","110.50","1.69",""
"All Customers","Small Van Regional Tariff","Greater London","South East","26.00","44.20","1.69",""
"All Customers","LWB Regional Tariff","Greater London","East of England","38.00","65.00","1.69",""
"All Customers","Luton Regional Tariff","Greater London","Midlands","62.00","104.00","1.69",""
"All Customers","Luton Regional Tariff","Greater London","Wales","62.00","104.00","1.69",""
"All Customers","SWB Regional Tariff","Midlands","Midlands","31.00","52.00","1.69",""
"All Customers","Luton Regional Tariff","Midlands","North East","62.00","104.00","1.69",""
"All Customers","Luton Regional Tariff","North East","Wales","58.00","97.50","1.69",""
"All Customers","SWB Regional Tariff","North West","North West","28.00","48.10","1.69",""
"All Customers","Luton Regional Tariff","North West","East of England","58.00","97.50","1.69",""
"All Customers","Luton Regional Tariff","North West","South West","58.00","97.50","1.69",""
"All Customers","XLWB Regional Tariff","South West","South East","38.00","65.00","1.69",""
"All Customers","Luton Regional Tariff","South West","North West","65.00","110.50","1.69",""
"All Customers","Small Van Regional Tariff","Wales","Wales","25.00","41.60","1.69",""
"All Customers","Luton Regional Tariff","Wales","East of England","65.00","110.50","1.69",""
"All Customers","Luton Regional Tariff","Wales","North East","65.00","110.50","1.69",""
"All Customers","Luton Regional Tariff","Wales","Yorkshire and the Humber","65.00","110.50","1.69",""
"All Customers","Luton Regional Tariff","Yorkshire and the Humber","South West","62.00","104.00","1.69",""
"All Customers","Luton Regional Tariff","East of England","North East","63.00","110.50","1.76",""
"All Customers","Luton Regional Tariff","East of England","South West","63.00","110.50","1.76",""
"All Customers","Luton Regional Tariff","East of England","Yorkshire and the Humber","63.00","110.50","1.76",""
"All Customers","XLWB Regional Tariff","Midlands","Greater London","41.00","71.50","1.76",""
"All Customers","Luton Regional Tariff","North East","North West","56.00","97.50","1.76",""
"All Customers","XLWB Regional Tariff","North West","Yorkshire and the Humber","37.00","65.00","1.76",""
"All Customers","Luton Regional Tariff","North West","Scotland","56.00","97.50","1.76",""
"All Customers","Luton Regional Tariff","South East","Wales","63.00","110.50","1.76",""
"All Customers","Luton Regional Tariff","South West","East of England","63.00","110.50","1.76",""
"All Customers","Luton Regional Tariff","South West","Yorkshire and the Humber","63.00","110.50","1.76",""
"All Customers","LWB Regional Tariff","Wales","South West","37.00","65.00","1.76",""
"All Customers","XLWB Regional Tariff","Yorkshire and the Humber","North West","33.00","58.50","1.76",""
"All Customers","Luton Regional Tariff","Yorkshire and the Humber","Scotland","59.00","104.00","1.76",""
"All Customers","Luton Regional Tariff","Yorkshire and the Humber","South East","59.00","104.00","1.76",""
"All Customers","Small Van Regional Tariff","East of England","East of England","27.00","49.40","1.82",""
"All Customers","LWB Regional Tariff","East of England","Greater London","39.00","71.50","1.82",""
"All Customers","XLWB Regional Tariff","East of England","South East","43.00","78.00","1.82",""
"All Customers","Small Van Regional Tariff","South East","Greater London","24.00","42.90","1.82",""
"All Customers","XLWB Regional Tariff","South East","East of England","43.00","78.00","1.82",""
"All Customers","SWB Regional Tariff","South West","South West","32.00","58.50","1.82",""
"All Customers","XLWB Regional Tariff","South West","Wales","36.00","65.00","1.82",""
"All Customers","SWB Regional Tariff","Wales","Wales","32.00","58.50","1.82",""
"All Customers","XLWB Regional Tariff","Wales","South West","39.00","71.50","1.82",""
"All Customers","SWB Regional Tariff","Yorkshire and the Humber","Yorkshire and the Humber","29.00","52.00","1.82",""
"All Customers","Luton Regional Tariff","Yorkshire and the Humber","East of England","57.00","104.00","1.82",""
"All Customers","Luton Regional Tariff","Yorkshire and the Humber","Greater London","57.00","104.00","1.82",""
"All Customers","Luton Regional Tariff","Yorkshire and the Humber","Wales","57.00","104.00","1.82",""
"All Customers","SWB Regional Tariff","Greater London","South East","31.00","58.50","1.87",""
"All Customers","LWB Regional Tariff","Midlands","Midlands","31.00","58.50","1.89",""
"All Customers","Luton Regional Tariff","North East","Yorkshire and the Humber","52.00","97.50","1.89",""
"All Customers","Luton Regional Tariff","North West","Midlands","52.00","97.50","1.89",""
"All Customers","Luton Regional Tariff","North West","North East","52.00","97.50","1.89",""
"All Customers","Luton Regional Tariff","South East","Midlands","59.00","110.50","1.89",""
"All Customers","Luton Regional Tariff","South West","Midlands","59.00","110.50","1.89",""
"All Customers","Luton Regional Tariff","East of England","Midlands","57.00","110.50","1.95",""
"All Customers","Luton Regional Tariff","Greater London","South West","53.00","104.00","1.95",""
"All Customers","Luton Regional Tariff","Midlands","North West","53.00","104.00","1.95",""
"All Customers","Luton Regional Tariff","Midlands","South East","53.00","104.00","1.95",""
"All Customers","Luton Regional Tariff","Midlands","South West","53.00","104.00","1.95",""
"All Customers","Luton Regional Tariff","Midlands","Wales","53.00","104.00","1.95",""
"All Customers","Luton Regional Tariff","North East","Scotland","50.00","97.50","1.95",""
"All Customers","Luton Regional Tariff","North West","Wales","50.00","97.50","1.95",""
"All Customers","LWB Regional Tariff","South East","South East","33.00","65.00","1.95",""
"All Customers","XLWB Regional Tariff","Wales","Yorkshire and the Humber","37.00","71.50","1.95",""
"All Customers","Luton Regional Tariff","Wales","Midlands","57.00","110.50","1.95",""
"All Customers","Luton Regional Tariff","Yorkshire and the Humber","Midlands","53.00","104.00","1.95",""
"All Customers","Luton Regional Tariff","Midlands","East of England","52.00","104.00","2.02",""
"All Customers","Luton Regional Tariff","Midlands","Yorkshire and the Humber","52.00","104.00","2.02",""
"All Customers","LWB Regional Tariff","North West","North West","29.00","58.50","2.02",""
"All Customers","SWB Regional Tariff","South East","Greater London","29.00","58.50","2.02",""
"All Customers","Luton Regional Tariff","Wales","North West","55.00","110.50","2.02",""
"All Customers","XLWB Regional Tariff","East of England","Greater London","38.00","78.00","2.08",""
"All Customers","Luton Regional Tariff","Midlands","Greater London","50.00","104.00","2.08",""
"All Customers","Luton Regional Tariff","South East","South West","53.00","110.50","2.08",""
"All Customers","Luton Regional Tariff","South West","South East","53.00","110.50","2.08",""
"All Customers","LWB Regional Tariff","Wales","Wales","31.00","65.00","2.08",""
"All Customers","Luton Regional Tariff","Wales","Greater London","53.00","110.50","2.08",""
"All Customers","Luton Regional Tariff","Wales","South East","53.00","110.50","2.08",""
"All Customers","Luton Regional Tariff","East of England","South East","52.00","110.50","2.15",""
"All Customers","Luton Regional Tariff","Greater London","East of England","48.00","104.00","2.15",""
"All Customers","7.5T Regional Tariff","Scotland","East of England","121.00","260.00","2.15",""
"All Customers","LWB Regional Tariff","Greater London","South East","29.00","65.00","2.21",""
"All Customers","XLWB Regional Tariff","North West","North West","29.00","65.00","2.21",""
"All Customers","LWB Regional Tariff","Scotland","Scotland","32.00","71.50","2.21",""
"All Customers","LWB Regional Tariff","South West","South West","29.00","65.00","2.21",""
"All Customers","Luton Regional Tariff","South West","Greater London","50.00","110.50","2.21",""
"All Customers","Luton Regional Tariff","Yorkshire and the Humber","North East","47.00","104.00","2.21",""
"All Customers","LWB Regional Tariff","East of England","East of England","31.00","71.50","2.28",""
"All Customers","XLWB Regional Tariff","Greater London","South East","34.00","78.00","2.28",""
"All Customers","7.5T Regional Tariff","Scotland","Greater London","114.00","260.00","2.28",""
"All Customers","Luton Regional Tariff","South East","East of England","49.00","110.50","2.28",""
"All Customers","LWB Regional Tariff","Yorkshire and the Humber","Yorkshire and the Humber","26.00","58.50","2.28",""
"All Customers","Luton Regional Tariff","Midlands","Midlands","44.00","104.00","2.34",""
"All Customers","Small Van Regional Tariff","North East","North East","15.00","35.10","2.34",""
"All Customers","Luton Regional Tariff","North West","Yorkshire and the Humber","42.00","97.50","2.34",""
"All Customers","7.5T Regional Tariff","Scotland","South West","111.00","260.00","2.34",""
"All Customers","7.5T Regional Tariff","Scotland","Yorkshire and the Humber","111.00","260.00","2.34",""
"All Customers","XLWB Regional Tariff","South East","North East","33.00","78.00","2.34",""
"All Customers","XLWB Regional Tariff","South East","South East","33.00","78.00","2.34",""
"All Customers","XLWB Regional Tariff","South West","South West","28.00","65.00","2.34",""
"All Customers","Luton Regional Tariff","Yorkshire and the Humber","North West","44.00","104.00","2.34",""
"All Customers","XLWB Regional Tariff","East of England","East of England","32.00","78.00","2.41",""
"All Customers","7.5T Regional Tariff","Scotland","Midlands","108.00","260.00","2.41",""
"All Customers","7.5T Regional Tariff","Scotland","Wales","108.00","260.00","2.41",""
"All Customers","XLWB Regional Tariff","Scotland","Scotland","32.00","78.00","2.41",""
"All Customers","Luton Regional Tariff","East of England","Greater London","45.00","110.50","2.47",""
"All Customers","40FT Regional Tariff","Scotland","Midlands","158.00","390.00","2.47",""
"All Customers","40FT Regional Tariff","Scotland","South East","158.00","390.00","2.47",""
"All Customers","7.5T Regional Tariff","Scotland","South East","105.00","260.00","2.47",""
"All Customers","XLWB Regional Tariff","Yorkshire and the Humber","Yorkshire and the Humber","24.00","58.50","2.47",""
"All Customers","Luton Regional Tariff","Wales","Wales","44.00","110.50","2.54",""
"All Customers","7.5T Regional Tariff","East of England","Scotland","130.00","338.00","2.60",""
"All Customers","Luton Regional Tariff","North West","North West","38.00","97.50","2.60",""
"All Customers","18T Regional Tariff","Scotland","Midlands","125.00","325.00","2.60",""
"All Customers","Luton Regional Tariff","Scotland","Scotland","48.00","123.50","2.60",""
"All Customers","LWB Regional Tariff","South East","Greater London","25.00","65.00","2.60",""
"All Customers","Luton Regional Tariff","South West","Wales","43.00","110.50","2.60",""
"All Customers","7.5T Regional Tariff","Wales","Scotland","100.00","260.00","2.60",""
"All Customers","XLWB Regional Tariff","Wales","Wales","28.00","71.50","2.60",""
"All Customers","Luton Regional Tariff","South East","South East","41.00","110.50","2.67",""
"All Customers","7.5T Regional Tariff","South West","North East","107.00","286.00","2.67",""
"All Customers","7.5T Regional Tariff","South West","Scotland","107.00","286.00","2.67",""
"All Customers","XLWB Regional Tariff","Midlands","Midlands","26.00","71.50","2.73",""
"All Customers","7.5T Regional Tariff","North East","South East","114.00","312.00","2.73",""
"All Customers","LWB Regional Tariff","North East","North East","21.00","58.50","2.73",""
"All Customers","18T Regional Tariff","Scotland","South East","119.00","325.00","2.73",""
"All Customers","40FT Regional Tariff","Scotland","Greater London","143.00","390.00","2.73",""
"All Customers","40FT Regional Tariff","Scotland","South West","143.00","390.00","2.73",""
"All Customers","40FT Regional Tariff","Scotland","Yorkshire and the Humber","143.00","390.00","2.73",""
"All Customers","7.5T Regional Tariff","Greater London","North East","98.00","273.00","2.80",""
"All Customers","7.5T Regional Tariff","North East","South West","112.00","312.00","2.80",""
"All Customers","18T Regional Tariff","Scotland","North West","116.00","325.00","2.80",""
"All Customers","18T Regional Tariff","Scotland","Yorkshire and the Humber","116.00","325.00","2.80",""
"All Customers","40FT Regional Tariff","Scotland","North West","140.00","390.00","2.80",""
"All Customers","40FT Regional Tariff","Scotland","Wales","140.00","390.00","2.80",""
"All Customers","7.5T Regional Tariff","South West","Yorkshire and the Humber","102.00","286.00","2.80",""
"All Customers","7.5T Regional Tariff","Wales","North East","93.00","260.00","2.80",""
"All Customers","Luton Regional Tariff","Wales","South West","40.00","110.50","2.80",""
"All Customers","7.5T Regional Tariff","East of England","North East","118.00","338.00","2.86",""
"All Customers","SWB Regional Tariff","North East","North East","18.00","52.00","2.86",""
"All Customers","18T Regional Tariff","Scotland","Greater London","114.00","325.00","2.86",""
"All Customers","40FT Regional Tariff","Scotland","East of England","136.00","390.00","2.86",""
"All Customers","7.5T Regional Tariff","South East","North East","91.00","260.00","2.86",""
"All Customers","7.5T Regional Tariff","South East","Scotland","91.00","260.00","2.86",""
"All Customers","XLWB Regional Tariff","South East","Greater London","27.00","78.00","2.86",""
"All Customers","7.5T Regional Tariff","East of England","North West","116.00","338.00","2.93",""
"All Customers","18T Regional Tariff","Scotland","East of England","111.00","325.00","2.93",""
"All Customers","18T Regional Tariff","Scotland","Wales","111.00","325.00","2.93",""
"All Customers","7.5T Regional Tariff","Scotland","North West","89.00","260.00","2.93",""
"All Customers","7.5T Regional Tariff","South West","North West","98.00","286.00","2.93",""
"All Customers","18T Regional Tariff","Wales","North East","111.00","325.00","2.93",""
"All Customers","40FT Regional Tariff","East of England","Scotland","143.00","429.00","2.99",""
"All Customers","7.5T Regional Tariff","Greater London","North West","91.00","273.00","2.99",""
"All Customers","7.5T Regional Tariff","Greater London","Scotland","91.00","273.00","2.99",""
"All Customers","7.5T Regional Tariff","Midlands","Scotland","80.00","240.50","2.99",""
"All Customers","18T Regional Tariff","North East","Wales","109.00","325.00","2.99",""
"All Customers","40FT Regional Tariff","North East","South West","130.00","390.00","2.99",""
"All Customers","7.5T Regional Tariff","North East","Midlands","104.00","312.00","2.99",""
"All Customers","7.5T Regional Tariff","North East","East of England","104.00","312.00","2.99",""
"All Customers","7.5T Regional Tariff","North East","Wales","104.00","312.00","2.99",""
"All Customers","18T Regional Tariff","Scotland","North East","109.00","325.00","2.99",""
"All Customers","18T Regional Tariff","Scotland","South West","109.00","325.00","2.99",""
"All Customers","7.5T Regional Tariff","South East","North West","87.00","260.00","2.99",""
"All Customers","7.5T Regional Tariff","South East","Yorkshire and the Humber","87.00","260.00","2.99",""
"All Customers","7.5T Regional Tariff","Wales","East of England","87.00","260.00","2.99",""
"All Customers","Luton Regional Tariff","Yorkshire and the Humber","Yorkshire and the Humber","35.00","104.00","2.99",""
"All Customers","18T Regional Tariff","East of England","North West","100.00","305.50","3.06",""
"All Customers","18T Regional Tariff","East of England","Scotland","100.00","305.50","3.06",""
"All Customers","40FT Regional Tariff","South East","Scotland","128.00","390.00","3.06",""
"All Customers","18T Regional Tariff","South West","Scotland","111.00","338.00","3.06",""
"All Customers","7.5T Regional Tariff","South West","East of England","94.00","286.00","3.06",""
"All Customers","18T Regional Tariff","Wales","Scotland","106.00","325.00","3.06",""
"All Customers","40FT Regional Tariff","Wales","North East","149.00","455.00","3.06",""
"All Customers","7.5T Regional Tariff","Wales","Yorkshire and the Humber","85.00","260.00","3.06",""
"All Customers","7.5T Regional Tariff","East of England","South West","108.00","338.00","3.12",""
"All Customers","7.5T Regional Tariff","East of England","Yorkshire and the Humber","108.00","338.00","3.12",""
"All Customers","18T Regional Tariff","Greater London","North East","113.00","351.00","3.12",""
"All Customers","7.5T Regional Tariff","Greater London","Yorkshire and the Humber","88.00","273.00","3.12",""
"All Customers","Luton Regional Tariff","Greater London","South East","33.00","104.00","3.12",""
"All Customers","7.5T Regional Tariff","North West","South East","77.00","240.50","3.12",""
"All Customers","7.5T Regional Tariff","Scotland","North East","83.00","260.00","3.12",""
"All Customers","18T Regional Tariff","South West","North East","108.00","338.00","3.12",""
"All Customers","40FT Regional Tariff","South West","Scotland","125.00","390.00","3.12",""
"All Customers","Luton Regional Tariff","South West","South West","35.00","110.50","3.12",""
"All Customers","7.5T Regional Tariff","Yorkshire and the Humber","South West","67.00","208.00","3.12",""
"All Customers","7.5T Regional Tariff","East of England","Wales","106.00","338.00","3.19",""
"All Customers","40FT Regional Tariff","Greater London","Scotland","135.00","429.00","3.19",""
"All Customers","18T Regional Tariff","North East","East of England","102.00","325.00","3.19",""
"All Customers","18T Regional Tariff","North East","Greater London","102.00","325.00","3.19",""
"All Customers","18T Regional Tariff","North East","South East","102.00","325.00","3.19",""
"All Customers","7.5T Regional Tariff","North East","Greater London","98.00","312.00","3.19",""
"All Customers","7.5T Regional Tariff","North West","Greater London","76.00","240.50","3.19",""
"All Customers","7.5T Regional Tariff","North West","South West","76.00","240.50","3.19",""
"All Customers","40FT Regional Tariff","Scotland","North East","122.00","390.00","3.19",""
"All Customers","40FT Regional Tariff","South West","North East","122.00","390.00","3.19",""
"All Customers","40FT Regional Tariff","Wales","East of England","143.00","455.00","3.19",""
"All Customers","40FT Regional Tariff","Wales","Scotland","143.00","455.00","3.19",""
"All Customers","7.5T Regional Tariff","Wales","South East","82.00","260.00","3.19",""
"All Customers","40FT Regional Tariff","East of England","North East","132.00","429.00","3.25",""
"All Customers","40FT Regional Tariff","East of England","North West","132.00","429.00","3.25",""
"All Customers","Luton Regional Tariff","East of England","East of England","34.00","110.50","3.25",""
"All Customers","40FT Regional Tariff","Greater London","North West","132.00","429.00","3.25",""
"All Customers","Small Van Regional Tariff","Greater London","Greater London","15.00","44.20","2.00",""
"All Customers","7.5T Regional Tariff","Midlands","North East","74.00","240.50","3.25",""
"All Customers","7.5T Regional Tariff","Midlands","Wales","74.00","240.50","3.25",""
"All Customers","40FT Regional Tariff","North East","Greater London","120.00","390.00","3.25",""
"All Customers","40FT Regional Tariff","North East","South East","120.00","390.00","3.25",""
"All Customers","7.5T Regional Tariff","North East","North West","96.00","312.00","3.25",""
"All Customers","7.5T Regional Tariff","North East","Scotland","96.00","312.00","3.25",""
"All Customers","XLWB Regional Tariff","North East","North East","22.00","71.50","3.25",""
"All Customers","7.5T Regional Tariff","North West","East of England","74.00","240.50","3.25",""
"All Customers","7.5T Regional Tariff","North West","Scotland","74.00","240.50","3.25",""
"All Customers","18T Regional Tariff","South East","North East","104.00","338.00","3.25",""
"All Customers","18T Regional Tariff","South East","North West","104.00","338.00","3.25",""
"All Customers","18T Regional Tariff","South East","Scotland","104.00","338.00","3.25",""
"All Customers","40FT Regional Tariff","South East","North East","120.00","390.00","3.25",""
"All Customers","40FT Regional Tariff","South West","North West","120.00","390.00","3.25",""
"All Customers","18T Regional Tariff","Wales","Yorkshire and the Humber","100.00","325.00","3.25",""
"All Customers","7.5T Regional Tariff","Wales","Midlands","80.00","260.00","3.25",""
"All Customers","7.5T Regional Tariff","Yorkshire and the Humber","South East","64.00","208.00","3.25",""
"All Customers","40FT Regional Tariff","Greater London","North East","129.00","429.00","3.32",""
"All Customers","40FT Regional Tariff","North East","East of England","118.00","390.00","3.32",""
"All Customers","7.5T Regional Tariff","North West","North East","73.00","240.50","3.32",""
"All Customers","7.5T Regional Tariff","South East","Wales","78.00","260.00","3.32",""
"All Customers","18T Regional Tariff","South West","North West","102.00","338.00","3.32",""
"All Customers","18T Regional Tariff","South West","Yorkshire and the Humber","102.00","338.00","3.32",""
"All Customers","40FT Regional Tariff","Wales","Yorkshire and the Humber","137.00","455.00","3.32",""
"All Customers","7.5T Regional Tariff","Yorkshire and the Humber","Wales","63.00","208.00","3.32",""
"All Customers","18T Regional Tariff","East of England","South West","90.00","305.50","3.38",""
"All Customers","18T Regional Tariff","Greater London","North West","104.00","351.00","3.38",""
"All Customers","18T Regional Tariff","Greater London","Scotland","104.00","351.00","3.38",""
"All Customers","7.5T Regional Tariff","Midlands","North West","71.00","240.50","3.38",""
"All Customers","7.5T Regional Tariff","Midlands","South West","71.00","240.50","3.38",""
"All Customers","40FT Regional Tariff","South East","North West","115.00","390.00","3.38",""
"All Customers","Luton Regional Tariff","South East","Greater London","33.00","110.50","3.38",""
"All Customers","7.5T Regional Tariff","Wales","Greater London","77.00","260.00","3.38",""
"All Customers","7.5T Regional Tariff","Wales","North West","77.00","260.00","3.38",""
"All Customers","7.5T Regional Tariff","Yorkshire and the Humber","East of England","62.00","208.00","3.38",""
"All Customers","18T Regional Tariff","East of England","North East","89.00","305.50","3.45",""
"All Customers","7.5T Regional Tariff","Greater London","Wales","79.00","273.00","3.45",""
"All Customers","40FT Regional Tariff","Midlands","Scotland","113.00","390.00","3.45",""
"All Customers","18T Regional Tariff","North East","Midlands","94.00","325.00","3.45",""
"All Customers","18T Regional Tariff","North West","East of England","87.00","299.00","3.45",""
"All Customers","18T Regional Tariff","South East","Yorkshire and the Humber","98.00","338.00","3.45",""
"All Customers","7.5T Regional Tariff","Yorkshire and the Humber","Scotland","60.00","208.00","3.46",""
"All Customers","40FT Regional Tariff","Greater London","Yorkshire and the Humber","122.00","429.00","3.51",""
"All Customers","18T Regional Tariff","Midlands","Scotland","74.00","260.00","3.51",""
"All Customers","18T Regional Tariff","North East","South West","93.00","325.00","3.51",""
"All Customers","40FT Regional Tariff","South West","Yorkshire and the Humber","130.00","455.00","3.51",""
"All Customers","7.5T Regional Tariff","South West","Midlands","81.00","286.00","3.51",""
"All Customers","18T Regional Tariff","Greater London","Yorkshire and the Humber","98.00","351.00","3.58",""
"All Customers","40FT Regional Tariff","North East","Midlands","109.00","390.00","3.58",""
"All Customers","40FT Regional Tariff","North East","Wales","109.00","390.00","3.58",""
"All Customers","18T Regional Tariff","North West","Greater London","84.00","299.00","3.58",""
"All Customers","40FT Regional Tariff","North West","East of England","91.00","325.00","3.58",""
"All Customers","40FT Regional Tariff","North West","South East","91.00","325.00","3.58",""
"All Customers","40FT Regional Tariff","South East","Yorkshire and the Humber","109.00","390.00","3.58",""
"All Customers","7.5T Regional Tariff","South East","Midlands","73.00","260.00","3.58",""
"All Customers","40FT Regional Tariff","Wales","North West","127.00","455.00","3.58",""
"All Customers","18T Regional Tariff","Yorkshire and the Humber","Scotland","95.00","338.00","3.58",""
"All Customers","7.5T Regional Tariff","Yorkshire and the Humber","North East","58.00","208.00","3.60",""
"All Customers","18T Regional Tariff","East of England","Wales","84.00","305.50","3.64",""
"All Customers","40FT Regional Tariff","East of England","Yorkshire and the Humber","118.00","429.00","3.64",""
"All Customers","18T Regional Tariff","Greater London","Wales","96.00","351.00","3.64",""
"All Customers","7.5T Regional Tariff","Greater London","South West","75.00","273.00","3.64",""
"All Customers","18T Regional Tariff","Midlands","North East","71.00","260.00","3.64",""
"All Customers","7.5T Regional Tariff","North East","Yorkshire and the Humber","86.00","312.00","3.64",""
"All Customers","18T Regional Tariff","North West","South East","82.00","299.00","3.64",""
"All Customers","40FT Regional Tariff","North West","Greater London","89.00","325.00","3.64",""
"All Customers","7.5T Regional Tariff","North West","Wales","66.00","240.50","3.64",""
"All Customers","18T Regional Tariff","South East","Wales","93.00","338.00","3.64",""
"All Customers","18T Regional Tariff","South West","East of England","93.00","338.00","3.64",""
"All Customers","7.5T Regional Tariff","South West","Greater London","79.00","286.00","3.64",""
"All Customers","18T Regional Tariff","Wales","North West","89.00","325.00","3.64",""
"All Customers","18T Regional Tariff","Wales","South East","89.00","325.00","3.64",""
"All Customers","18T Regional Tariff","Yorkshire and the Humber","South West","93.00","338.00","3.64",""
"All Customers","40FT Regional Tariff","Yorkshire and the Humber","Scotland","125.00","455.00","3.64",""
"All Customers","7.5T Regional Tariff","Yorkshire and the Humber","Greater London","57.00","208.00","3.64",""
"All Customers","18T Regional Tariff","East of England","Yorkshire and the Humber","82.00","305.50","3.71",""
"All Customers","7.5T Regional Tariff","Greater London","Midlands","74.00","273.00","3.71",""
"All Customers","18T Regional Tariff","North West","Scotland","81.00","299.00","3.71",""
"All Customers","18T Regional Tariff","North West","South West","81.00","299.00","3.71",""
"All Customers","7.5T Regional Tariff","South East","South West","70.00","260.00","3.71",""
"All Customers","40FT Regional Tariff","Wales","South East","123.00","455.00","3.71",""
"All Customers","40FT Regional Tariff","Yorkshire and the Humber","South East","123.00","455.00","3.71",""
"All Customers","40FT Regional Tariff","Yorkshire and the Humber","South West","123.00","455.00","3.71",""
"All Customers","7.5T Regional Tariff","East of England","Midlands","90.00","338.00","3.77",""
"All Customers","40FT Regional Tariff","North East","North West","103.00","390.00","3.77",""
"All Customers","7.5T Regional Tariff","North West","Midlands","64.00","240.50","3.77",""
"All Customers","18T Regional Tariff","Wales","Greater London","86.00","325.00","3.77",""
"All Customers","18T Regional Tariff","Yorkshire and the Humber","South East","90.00","338.00","3.77",""
"All Customers","40FT Regional Tariff","Yorkshire and the Humber","Greater London","121.00","455.00","3.77",""
"All Customers","40FT Regional Tariff","South West","Midlands","102.00","390.00","3.84",""
"All Customers","40FT Regional Tariff","East of England","South West","110.00","429.00","3.90",""
"All Customers","40FT Regional Tariff","East of England","Wales","110.00","429.00","3.90",""
"All Customers","40FT Regional Tariff","Greater London","Midlands","110.00","429.00","3.90",""
"All Customers","SWB Regional Tariff","Greater London","Greater London","15.00","58.50","2.20",""
"All Customers","7.5T Regional Tariff","Midlands","East of England","62.00","240.50","3.90",""
"All Customers","7.5T Regional Tariff","Midlands","Yorkshire and the Humber","62.00","240.50","3.90",""
"All Customers","18T Regional Tariff","North East","North West","83.00","325.00","3.90",""
"All Customers","18T Regional Tariff","North West","North East","77.00","299.00","3.90",""
"All Customers","40FT Regional Tariff","North West","South West","83.00","325.00","3.90",""
"All Customers","7.5T Regional Tariff","South East","East of England","67.00","260.00","3.90",""
"All Customers","18T Regional Tariff","South West","Midlands","87.00","338.00","3.90",""
"All Customers","18T Regional Tariff","Wales","Midlands","83.00","325.00","3.90",""
"All Customers","40FT Regional Tariff","Wales","Greater London","117.00","455.00","3.90",""
"All Customers","18T Regional Tariff","Yorkshire and the Humber","Wales","87.00","338.00","3.90",""
"All Customers","7.5T Regional Tariff","Yorkshire and the Humber","Midlands","53.00","208.00","3.90",""
"All Customers","18T Regional Tariff","Yorkshire and the Humber","East of England","85.00","338.00","3.97",""
"All Customers","18T Regional Tariff","Yorkshire and the Humber","Greater London","85.00","338.00","3.97",""
"All Customers","40FT Regional Tariff","Yorkshire and the Humber","East of England","115.00","455.00","3.97",""
"All Customers","40FT Regional Tariff","East of England","Midlands","106.00","429.00","4.03",""
"All Customers","40FT Regional Tariff","Greater London","South West","106.00","429.00","4.03",""
"All Customers","40FT Regional Tariff","Greater London","Wales","106.00","429.00","4.03",""
"All Customers","7.5T Regional Tariff","Midlands","South East","60.00","240.50","4.03",""
"All Customers","40FT Regional Tariff","South West","East of England","97.00","390.00","4.03",""
"All Customers","40FT Regional Tariff","Yorkshire and the Humber","Wales","113.00","455.00","4.03",""
"All Customers","7.5T Regional Tariff","East of England","South East","83.00","338.00","4.10",""
"All Customers","18T Regional Tariff","Midlands","Wales","63.00","260.00","4.10",""
"All Customers","18T Regional Tariff","North West","Wales","73.00","299.00","4.10",""
"All Customers","40FT Regional Tariff","North West","Scotland","79.00","325.00","4.10",""
"All Customers","40FT Regional Tariff","Wales","Midlands","111.00","455.00","4.10",""
"All Customers","18T Regional Tariff","Greater London","Midlands","84.00","351.00","4.16",""
"All Customers","18T Regional Tariff","North East","Scotland","78.00","325.00","4.16",""
"All Customers","40FT Regional Tariff","North West","North East","78.00","325.00","4.16",""
"All Customers","40FT Regional Tariff","North West","Wales","78.00","325.00","4.16",""
"All Customers","7.5T Regional Tariff","Wales","South West","63.00","260.00","4.16",""
"All Customers","18T Regional Tariff","East of England","Midlands","72.00","305.50","4.23",""
"All Customers","LWB Regional Tariff","Greater London","Greater London","15.00","65.00","2.60",""
"All Customers","18T Regional Tariff","South East","South West","80.00","338.00","4.23",""
"All Customers","18T Regional Tariff","Wales","East of England","77.00","325.00","4.23",""
"All Customers","18T Regional Tariff","Midlands","North West","61.00","260.00","4.26",""
"All Customers","18T Regional Tariff","Midlands","East of England","61.00","260.00","4.29",""
"All Customers","18T Regional Tariff","Midlands","South West","61.00","260.00","4.29",""
"All Customers","40FT Regional Tariff","North East","Yorkshire and the Humber","91.00","390.00","4.29",""
"All Customers","7.5T Regional Tariff","North West","Yorkshire and the Humber","56.00","240.50","4.29",""
"All Customers","18T Regional Tariff","South East","Midlands","79.00","338.00","4.29",""
"All Customers","40FT Regional Tariff","South East","Midlands","91.00","390.00","4.29",""
"All Customers","18T Regional Tariff","South West","South East","79.00","338.00","4.29",""
"All Customers","40FT Regional Tariff","South West","South East","91.00","390.00","4.29",""
"All Customers","18T Regional Tariff","North East","Yorkshire and the Humber","75.00","325.00","4.36",""
"All Customers","18T Regional Tariff","Midlands","South East","59.00","260.00","4.42",""
"All Customers","18T Regional Tariff","Midlands","Yorkshire and the Humber","59.00","260.00","4.42",""
"All Customers","40FT Regional Tariff","Midlands","East of England","88.00","390.00","4.42",""
"All Customers","40FT Regional Tariff","Midlands","North West","88.00","390.00","4.42",""
"All Customers","40FT Regional Tariff","Midlands","South East","88.00","390.00","4.42",""
"All Customers","40FT Regional Tariff","Midlands","South West","88.00","390.00","4.42",""
"All Customers","40FT Regional Tariff","North East","Scotland","88.00","390.00","4.42",""
"All Customers","Luton Regional Tariff","North East","North East","22.00","97.50","4.42",""
"All Customers","7.5T Regional Tariff","South West","South East","65.00","286.00","4.42",""
"All Customers","18T Regional Tariff","Yorkshire and the Humber","North East","76.00","338.00","4.42",""
"All Customers","40FT Regional Tariff","Midlands","Yorkshire and the Humber","87.00","390.00","4.49",""
"All Customers","18T Regional Tariff","North West","Midlands","67.00","299.00","4.49",""
"All Customers","18T Regional Tariff","South West","Wales","75.00","338.00","4.49",""
"All Customers","40FT Regional Tariff","South West","Greater London","87.00","390.00","4.49",""
"All Customers","7.5T Regional Tariff","Yorkshire and the Humber","North West","46.00","208.00","4.50",""
"All Customers","40FT Regional Tariff","Midlands","Greater London","86.00","390.00","4.55",""
"All Customers","40FT Regional Tariff","Midlands","Wales","86.00","390.00","4.55",""
"All Customers","7.5T Regional Tariff","Midlands","Greater London","53.00","240.50","4.55",""
"All Customers","40FT Regional Tariff","North West","Midlands","71.00","325.00","4.55",""
"All Customers","18T Regional Tariff","Yorkshire and the Humber","Midlands","74.00","338.00","4.55",""
"All Customers","40FT Regional Tariff","Yorkshire and the Humber","Midlands","100.00","455.00","4.55",""
"All Customers","18T Regional Tariff","Greater London","South West","75.00","351.00","4.68",""
"All Customers","40FT Regional Tariff","South East","South West","83.00","390.00","4.68",""
"All Customers","40FT Regional Tariff","South East","Wales","83.00","390.00","4.68",""
"All Customers","40FT Regional Tariff","Yorkshire and the Humber","North East","97.00","455.00","4.68",""
"All Customers","40FT Regional Tariff","Midlands","North East","82.00","390.00","4.75",""
"All Customers","18T Regional Tariff","East of England","South East","64.00","305.50","4.81",""
"All Customers","7.5T Regional Tariff","Greater London","East of England","57.00","273.00","4.81",""
"All Customers","18T Regional Tariff","South East","East of England","69.00","338.00","4.88",""
"All Customers","40FT Regional Tariff","South East","East of England","80.00","390.00","4.88",""
"All Customers","18T Regional Tariff","Wales","South West","67.00","325.00","4.88",""
"All Customers","XLWB Regional Tariff","Greater London","Greater London","16.00","78.00","2.80",""
"All Customers","18T Regional Tariff","Midlands","Greater London","53.00","260.00","4.94",""
"All Customers","18T Regional Tariff","South West","Greater London","68.00","338.00","4.94",""
"All Customers","40FT Regional Tariff","East of England","South East","85.00","429.00","5.07",""
"All Customers","7.5T Regional Tariff","South East","South East","51.00","260.00","5.07",""
"All Customers","7.5T Regional Tariff","East of England","Greater London","65.00","338.00","5.20",""
"All Customers","7.5T Regional Tariff","South West","Wales","55.00","286.00","5.20",""
"All Customers","7.5T Regional Tariff","South West","South West","55.00","286.00","5.20",""
"All Customers","40FT Regional Tariff","Wales","South West","88.00","455.00","5.20",""
"All Customers","18T Regional Tariff","Yorkshire and the Humber","North West","65.00","338.00","5.20",""
"All Customers","40FT Regional Tariff","Greater London","East of England","80.00","429.00","5.33",""
"All Customers","18T Regional Tariff","North West","Yorkshire and the Humber","56.00","299.00","5.33",""
"All Customers","40FT Regional Tariff","South West","Wales","73.00","390.00","5.33",""
"All Customers","7.5T Regional Tariff","Midlands","Midlands","44.00","240.50","5.46",""
"All Customers","40FT Regional Tariff","Yorkshire and the Humber","North West","83.00","455.00","5.46",""
"All Customers","Luton Regional Tariff","Greater London","Greater London","19.00","104.00","3.00",""
"All Customers","18T Regional Tariff","Greater London","East of England","63.00","351.00","5.59",""
"All Customers","18T Regional Tariff","South East","South East","60.00","338.00","5.59",""
"All Customers","40FT Regional Tariff","North West","Yorkshire and the Humber","57.00","325.00","5.72",""
"All Customers","40FT Regional Tariff","South East","South East","68.00","390.00","5.72",""
"All Customers","7.5T Regional Tariff","Yorkshire and the Humber","Yorkshire and the Humber","36.00","208.00","5.72",""
"All Customers","40FT Regional Tariff","East of England","Greater London","72.00","429.00","5.98",""
"All Customers","7.5T Regional Tariff","East of England","East of England","54.00","338.00","6.24",""
"All Customers","18T Regional Tariff","Midlands","Midlands","42.00","260.00","6.24",""
"All Customers","7.5T Regional Tariff","Greater London","South East","42.00","273.00","6.50",""
"All Customers","7.5T Regional Tariff","North West","North West","37.00","240.50","6.50",""
"All Customers","18T Regional Tariff","Scotland","Scotland","50.00","325.00","6.50",""
"All Customers","7.5T Regional Tariff","Scotland","Scotland","40.00","260.00","6.50",""
"All Customers","7.5T Regional Tariff","Wales","Wales","40.00","260.00","6.50",""
"All Customers","18T Regional Tariff","Yorkshire and the Humber","Yorkshire and the Humber","52.00","338.00","6.50",""
"All Customers","18T Regional Tariff","East of England","Greater London","46.00","305.50","6.63",""
"All Customers","18T Regional Tariff","Wales","Wales","46.00","325.00","7.02",""
"All Customers","40FT Regional Tariff","Midlands","Midlands","55.00","390.00","7.15",""
"All Customers","18T Regional Tariff","South West","South West","47.00","338.00","7.15",""
"All Customers","40FT Regional Tariff","Yorkshire and the Humber","Yorkshire and the Humber","64.00","455.00","7.15",""
"All Customers","40FT Regional Tariff","Greater London","South East","59.00","429.00","7.28",""
"All Customers","40FT Regional Tariff","Wales","Wales","63.00","455.00","7.28",""
"All Customers","40FT Regional Tariff","South West","South West","62.00","455.00","7.35",""
"All Customers","7.5T Regional Tariff","South East","Greater London","35.00","260.00","7.41",""
"All Customers","18T Regional Tariff","North West","North West","40.00","299.00","7.54",""
"All Customers","18T Regional Tariff","Greater London","South East","45.00","351.00","7.80",""
"All Customers","40FT Regional Tariff","Scotland","Scotland","50.00","390.00","7.80",""
"All Customers","18T Regional Tariff","East of England","East of England","38.00","305.50","8.06",""
"All Customers","40FT Regional Tariff","North West","North West","40.00","325.00","8.19",""
"All Customers","7.5T Regional Tariff","North East","North East","37.00","312.00","8.45",""
"All Customers","40FT Regional Tariff","South East","Greater London","46.00","390.00","8.45",""
"All Customers","18T Regional Tariff","South East","Greater London","38.00","338.00","8.84",""
"All Customers","40FT Regional Tariff","East of England","East of England","47.00","429.00","9.10",""
"All Customers","18T Regional Tariff","North East","North East","34.00","325.00","9.49",""
"All Customers","7.5T Regional Tariff","Greater London","Greater London","23.00","273.00","11.70",""
"All Customers","40FT Regional Tariff","North East","North East","33.00","390.00","11.70",""
"All Customers","18T Regional Tariff","Greater London","Greater London","28.00","351.00","12.35",""
"All Customers","40FT Regional Tariff","Greater London","Greater London","33.00","429.00","13.00",""
